FECHA_CORTE;ITEM;DENOMINACION;TIPO_DE_LIGA;DISCIPLINA_DEPORTIVA;RESOLUCION_INSCRIPCION_RENADE;FECHA_RESOLUCION;OBSERVACIONES;;;
20230731;1;LIGA DISTRITAL DE AJEDREZ DE ITE;DISTRITAL;AJEDREZ;085-DNCTD-RND-2006;6/03/2006;;;;
20230731;2;LIGA DEPORTIVA DISTRITAL DE AJEDREZ DE TACNA;DISTRITAL;AJEDREZ;078-DNCTD-RND-2008;6/02/2008;;;;
20230731;3;LIGA DISTRITAL DE AJEDREZ DE CHIMBOTE;DISTRITAL;AJEDREZ;281-DNCTD-RND-2011;21/12/2011;;;;
20230731;4;LIGA DEPORTIVA DISTRITAL DE AJEDREZ DE CUSCO;DISTRITAL;AJEDREZ;944-DINADAF-RND-2017;1/08/2017;Resolución Nº0392-DNCTD-RND-2021, período 05 de marzo del 2021 al 31 de diciembre del 2024;;;
20230731;5;LIGA DISTRITAL DE AJEDREZ DE TRUJILLO;DISTRITAL;AJEDREZ;0841-DINADAF-RND-2018;9/04/2018;;;;
20230731;6;LIGA DEPORTIVA DISTRITAL DE AJEDREZ DE ILO;DISTRITAL;AJEDREZ;0675-DINADAF-RND-2018;17/04/2018;Resolución Nº0373-DNCTD-RND-2021, período 31 de mayo de 2021 al 31 de diciembre de 2024;;;
20230731;7;LIGA DISTRITAL DE AJEDREZ DE HUANCAYO;DISTRITAL;AJEDREZ;0102-DNCTD-RND-2020;28/01/2020;periodo 12 de octubre de 2019 al 11 de octubre de 2023;;;
20230731;8;LIGA DISTRITAL DE AJEDREZ DE PILCOMAYO;DISTRITAL;AJEDREZ;0103-DNCTD-RND-2020;28/01/2020;periodo 12 de octubre de 2019 al 11 de octubre de 2023;;;
20230731;9;LIGA DISTRITAL DE AJEDREZ DE CHILCA;DISTRITAL;AJEDREZ;0105-DNCTD-RND-2020;28/01/2020;periodo 12 de octubre de 2019 al 11 de octubre de 2023;;;
20230731;10;LIGA DISTRITAL DE AJEDREZ DE EL TAMBO;DISTRITAL;AJEDREZ;0106-DNCTD-RND-2020;28/01/2020;periodo 21 de octubre de 2019 al 20 de octubre de 2023;;;
20230731;11;LIGA DISTRITAL DE AJEDREZ DE HUANCAVELICA;DISTRITAL;AJEDREZ;0107-DNCTD-RND-2020;29/01/2020;;;;
20230731;12;LIGA DISTRITAL DE AJEDREZ DE SICUANI;DISTRITAL;AJEDREZ;0112-DNCTD-RND-2020;30/01/2020;Resolución Nº0406-DNCTD-RND-2021, período 28 de junio del 2021 al 28 de junio del 2023;;;
20230731;13;LIGA DISTRITAL DE ATLETISMO DE HUÁNUCO;DISTRITAL;ATLETISMO;567-DNCTD-RND-2007;24/08/2007;"Resolución N°0497-2022-IPD-DNCTD/SRND.
periodo 31 de enero del 2022 hasta el 31 de diciembre del 2024";;;
20230731;14;LIGA DISTRITAL DE ATLETISMO DE EL TAMBO;DISTRITAL;ATLETISMO;645-DNCTD-RND-2007;20/09/2007;Resolución N°420-DNCTD-RND-2020, periodo 20 de noviembre de 2019 al 19 de noviembre de 2023;;;
20230731;15;LIGA DISTRITAL DE ATLETISMO DE PUNO;DISTRITAL;ATLETISMO;725-DNCTD-RND-2007;25/10/2007;;;;
20230731;16;LIGA DEPORTIVA DISTRITAL DE ATLETISMO DE TRUJILLO;DISTRITAL;ATLETISMO;102-DNCTD-RND-2008;20/02/2008;;;;
20230731;17;LIGA DEPORTIVA DISTRITAL DE ATLETISMO DE MOCHE;DISTRITAL;ATLETISMO;326-DNCTD-RND-2008;18/08/2008;Resolución N°476-DNCTD-RND-2020, periodo de 2020 al 2024;;;
20230731;18;LIGA DISTRITAL DE ATLETISMO DE CHILCA;DISTRITAL;ATLETISMO;493-DNCTD-RND-2008;5/12/2008;;;;
20230731;19;LIGA DISTRITAL DE ATLETISMO DE HUANCAYO;DISTRITAL;ATLETISMO;494-DNCTD-RND-2008;5/12/2008;"Resolución N°0768-2022-IPD-DNCTD/SRND.
periodo del 07 de octubre de 2022 al 31 de diciembre de 2024.";;;
20230731;20;LIGA DISTRITAL DE ATLETISMO DE PAMPAS;DISTRITAL;ATLETISMO;028-DNCTD-RND-2009;19/01/2009;;;;
20230731;21;LIGA DEPORTIVA DISTRITAL DE ATLETISMO DE SAN BORJA;DISTRITAL;ATLETISMO;027-DNCTD-RND-2012;2/02/2012;;;;
20230731;22;LIGA DEPORTIVA DISTRITAL DE ATLETISMO DE CAJAMARCA;DISTRITAL;ATLETISMO;143-DINADAF-RND-2013;12/06/2013;Resolución N°0079-DNCTD-RND-2021, periodo de 04 años (Del 12 de junio de 2020 al 11 de junio de 2024).;;;
20230731;23;LIGA DEPORTIVA DISTRITAL DE ATLETISMO DE HUANCHACO;DISTRITAL;ATLETISMO;156-DINADAF-RND-2013;5/07/2013;Resolución N°0077-DNCTD-RND-2021, periodo 2021-2024;;;
20230731;24;ASOCIACIÓN LIGA DISTRITAL DE ATLETISMO DE AREQUIPA;DISTRITAL;ATLETISMO;157-DINADAF-RND-2013;5/07/2013;Resolución N°0052-DNCTD-RND-2021, período de 02 de junio de 2018 al 01 de junio de 2022;;;
20230731;25;LIGA DISTRITAL DE ATLETISMO DE MOQUEGUA;DISTRITAL;ATLETISMO;178-DINADAF-RND-2013;26/07/2013;;;;
20230731;26;LIGA DISTRITAL DE ATLETISMO DE SAN LUIS;DISTRITAL;ATLETISMO;194-DINADAF-RND-2013;8/08/2013;;;;
20230731;27;ASOCIACIÓN LIGA DEPORTIVA DISTRITAL DE ATLETISMO DE LIMA;DISTRITAL;ATLETISMO;204-DINADAF-RND-2013;16/08/2013;;;;
20230731;28;LIGA DEPORTIVA DISTRITAL DE ATLETISMO DE HUARAZ;DISTRITAL;ATLETISMO;283-DINADAF-RND-2013;22/10/2013;Resolución N°394-DNCTD-RND-2020, periodo 2017-2021;;;
20230731;29;LIGA DISTRITAL DE ATLETISMO DE JULIACA;DISTRITAL;ATLETISMO;303-DINADAF-RND-2013;20/11/2013;;;;
20230731;30;ASOCIACIÓN LIGA ATLÉTICA DEL DISTRITO DE BARRANCO;DISTRITAL;ATLETISMO;039-DINADAF-RND-2015;11/03/2015;;;;
20230731;31;LIGA DEPORTIVA DISTRITAL DE ATLETISMO-CHIMBOTE;DISTRITAL;ATLETISMO;125-DINADAF-RND-2016;6/04/2016;Resolución N°560-DNCTD-RND-2020, período 12 de noviembre de 2020 al 11 de noviembre de 2024;;;
20230731;32;LIGA  DISTRITAL DEPORTIVA DE ATLETISMO DE COCHABAMBA;DISTRITAL;ATLETISMO;416-DINADAF-RND-2016;2/08/2016;Resolución N°431-DNCTD-RND-2020, periodo 02 de abril de 2020 al 02 de abril de 2024;;;
20230731;33;LIGA DISTRITAL DE ATLETISMO DE PLATERIA;DISTRITAL;ATLETISMO;659-DINADAF-RND-2016;14/10/2016;Resolución N°523-DNCTD-RND-2020, período del 21 de octubre de 2020 al 20 de octubre de 2024;;;
20230731;34;LIGA DISTRITAL DE ATLETISMO DE SICUANI;DISTRITAL;ATLETISMO;666-DINADAF-RND-2016;18/10/2016;Resolución N°481-DNCTD-RND-2020, periodo del 11 de abril de 2020 al 11 de abril de 2024;;;
20230731;35;LIGA DISTRITAL DE ATLETISMO DE LA MOLINA;DISTRITAL;ATLETISMO;832-DINADAF-RND-2016;7/12/2016;;;;
20230731;36;ASOCIACIÓN LIGA DISTRITAL DE ATLETISMO DE CHICLAYO;DISTRITAL;ATLETISMO;914-DINADAF-RND-2017;14/07/2017;periodo de cuatro años ;;;
20230731;37;LIGA DEPORTIVA DISTRITAL DE ATLETISMO DE SAN SEBATIÁN;DISTRITAL;ATLETISMO;1086-DINADAF-RND-2017;18/09/2017;Resolución N°0385-DNCTD-RND-2021, período del 19 de febrero de 2021 al 18 de febrero de 2025;;;
20230731;38;LIGA DISTRITAL DE ATLETISMO DE ILAVE-EL COLLAO;DISTRITAL;ATLETISMO;1255-DINADAF-RND-2017;21/11/2017;"Resolución N°0434-2022-IPD-DNCTD/SRND.
periodo del 01 de febrero de 2022 al 31 de diciembre de 2024";;;
20230731;39;LIGA DEPORTIVA DISTRITAL DE ATLETISMO DE YANAHUARA;DISTRITAL;ATLETISMO;0155-DINADAF-RND-2018;12/02/2018;periodo de cuatro (4) años;;;
20230731;40;LIGA DEPORTIVA DISTRITAL DE ATLETISMO DE TUMBES;DISTRITAL;ATLETISMO;0177-DINADAF-RND-2018;14/02/2018;Resolución N°0190-DNCTD-RND-2021, período 12 de noviembre de 2020 al 11 de noviembre de 2024;;;
20230731;41;LIGA DE ATLETISMO DISTRITAL DE IQUITOS;DISTRITAL;ATLETISMO;0382-DINADAF-RND-2018;7/03/2018;periodo de cuatro (04) años;;;
20230731;42;LIGA DEPORTIVA DISTRITAL DE ATLETISMO DE PIURA;DISTRITAL;ATLETISMO;0860-DINADAF-RND-2018;16/05/2018;23 de febrero de 2018 al 23 de febrero de 2022;;;
20230731;43;LIGA DEPORTIVA DISTRITAL DE ATLETISMO ABANCAY-APURÍMAC;DISTRITAL;ATLETISMO;0944-DINADAF-RND-2018;8/06/2018;periodo 16 de marzo de 2018 al 16 de marzo de 2022;;;
20230731;44;LIGA DEPORTIVA DISTRITAL DE ATLETISMO DE CAYMA;DISTRITAL;ATLETISMO;1036-DINADAF-RND-2018;21/06/2018;periodo de cuatro (4) años (Desde el 12 de enero de 2018 al 12 de enero de 2022);;;
20230731;45;LIGA DEPORTIVA DISTRITAL DE ATLETISMO CHARACAATO;DISTRITAL;ATLETISMO;1502-DINADAF-RND-2018;18/10/2018;periodo de 04 años;;;
20230731;46;LIGA DEPORTIVA DISTRITAL DE ATLETISMO DE WANCHAQ;DISTRITAL;ATLETISMO;1539-DINADAF-RND-2018;8/11/2018;Resolución N°423-DNCTD-RND-2020, periodo 01 de setiembre de 2020 al 31 de agosto de 2024;;;
20230731;47;LIGA DEPORTIVA DISTRITAL DE ATLETISMO DE ICA;DISTRITAL;ATLETISMO;1671-DINADAF-RND-2018;10/12/2018;Resolución N°0123-DNCTD-RND-2021, período 14 de diciembre de 2020 al 13 de diciembre de 2024;;;
20230731;48;LIGA DISTRITAL DE ATLETISMO DE CONCEPCIÓN;DISTRITAL;ATLETISMO;1690-DINADAF-RND-2018;19/12/2018;periodo 31 de enero de 2018 al 30 de enero de 2022;;;
20230731;49;LIGA DISTRITAL DE ATLETISMO DE VICTOR LARCO HERRERA;DISTRITAL;ATLETISMO;0324-DNCTD-RND-2019;23/04/2019;"Resolución N°0251-2023-IPD-DNCTD/SRND.
periodo 2023 - 2027";;;
20230731;50;LIGA DISTRITAL DE ATLETISMO DE LINCE;DISTRITAL;ATLETISMO;0377-DNCTD-RND-2019;8/05/2019;"Resolución N°0559-2022-IPD-DNCTD/SRND.
periodo del 23 de mayo de 2022 al 31 de diciembre de 2024.";;;
20230731;51;LIGA DEPORTIVA DISTRITAL DE ATLETISMO DEL CUSCO;DISTRITAL;ATLETISMO;0526-DNCTD-RND-2019;1/07/2019;Resolución N°424-DNCTD-RND-2020, periodo 21 de octubre de 2020 al 20 de octubre de 2024;;;
20230731;52;LIGA DEPORTIVA DISTRITAL DE ATLETISMO DE SALAVAERRY;DISTRITAL;ATLETISMO;0527-DNCTD-RND-2019;1/07/2019;periodo de cuatro (04) años (Concluirá su mandato el 31 de diciembre de 2020, solo para completar el Ciclo Olímpico);;;
20230731;53;LIGA DISTRITAL DE ATLETISMO DE URUBAMBA;DISTRITAL;ATLETISMO;0091-DNCTD-RND-2020;22/01/2020;Resolución N°0250-DNCTD-RND-2021, período del 01 de enero de 2021 al 31 de diciembre de 2024;;;
20230731;54;LIGA DISTRITAL DE ATLETISMO DE LA VICTORIA;DISTRITAL;ATLETISMO;248-DNCTD-RND-2020;7/09/2020;"Resolución N°0579-2022-IPD-DNCTD/SRND.
periodo correspondiente del 01 de enero de 2022 al 31 de diciembre de 2024.";;;
20230731;55;LIGA DISTRITAL DE ATLETISMO DE AYAVIRI-MELGAR;DISTRITAL;ATLETISMO;275-DNCTD-RND-2020;18/09/2020;periodo 06 de diciembre de 2018 al 05 de diciembre de 2022;;;
20230731;56;LIGA DISTRITAL DE ATLETISMO DE AYACUCHO;DISTRITAL;ATLETISMO;421-DNCTD-RND-2020;18/11/2020;periodo de cuatro (4) años;;;
20230731;57;LIGA DISTRITAL DE ATLETISMO DE PUEBLO LIBRE;DISTRITAL;ATLETISMO;0186-DNCTD-RND-2021;15/03/2021;periodo 15 de octubre de 2020 al 14 de octubre de 2024;;;
20230731;58;LIGA DEPORTIVA DISTRITAL DE ATLETISMO DE SAN JUAN DE LURIGANCHO;DISTRITAL;ATLETISMO;0626-2022-IPD-DNCTD/SRND;6/10/2022;periodo del 01 de enero de 2021 al 31 de diciembre de 2024;;;
20230731;59;LIGA DEPORTIVA DISTRITAL DE ATLETISMO DE CERRO COLORADO;DISTRITAL;ATLETISMO;0360-2023-IPD-DNCTD/SRND;25/07/2023;periodo 17 de marzo de 2022 al 31 de diciembre de 2024;;;
20230731;60;LIGA DISTRITAL MIXTA DE BASKETBALL DE PUNO;DISTRITAL;BASKETBALL;341-DNCTD-RND-2009;24/08/2009;;;;
20230731;61;LIGA DISTRITAL MIXTA DE BASKETBALL DE CALLERÍA-UCAYALI;DISTRITAL;BASKETBALL;391-DNCTD-RND-2009;28/09/2009;;;;
20230731;62;LIGA DEPORTIVA DISTRITAL MIXTA DE BASKETBALL DE EL TAMBO;DISTRITAL;BASKETBALL;013-DINADAF-RND-2014;15/01/2014;;;;
20230731;63;LIGA DEPORTIVA DISTRITAL MIXTA DE BASKETBALL DE RESTAURACIÓN-HUARAZ;DISTRITAL;BASKETBALL;101-DINADAF-RND-2014;28/05/2014;Resolución N°0151-2022-IPD-DNCTD/SRND. período 27 de febrero de 2022 al 26 de febrero de 2026;;;
20230731;64;LIGA DISTRITAL MIXTA DE BASKETBALL DE HUÁNUCO;DISTRITAL;BASKETBALL;124-DINADAF-RND-2014;23/07/2014;;;;
20230731;65;LIGA DEPORTIVA DISTRITAL DE BASKETBALL DE WANCHAQ;DISTRITAL;BASKETBALL; 187-DINADAF-RND-2015;10/09/2015;Resolución N°0152-2022-IPD-DNCTD/SRND. período 2020 - 2024;;;
20230731;66;LIGA DEPORTIVA DISTRITAL DE BASKET DE SAN JUAN DE LURIGANCHO;DISTRITAL;BASKETBALL;711-DINADAF-RND-2016;28/10/2016;;;;
20230731;67;LIGA DEPORTIVA DISTRITAL MIXTA DE BASKETBALL DE HUACHO;DISTRITAL;BASKETBALL;0148-2022-IPD-DNCTD/SRND;12/04/2022;periodo 15 de junio de 2018 al 14 de junio de 2022;;;
20230731;68;LIGA DEPORTIVA DISTRITAL MIXTA DE BASKETBALL DE RUPA RUPA;DISTRITAL;BASKETBALL;0150-2022-IPD-DNCTD/SRND;12/04/2022;periodo 30 de enero de 2022 al 29 de enero de 2026;;;
20230731;69;LIGA DEPORTIVA DISTRITAL DE BASKETBALL DE TRUJILLO;DISTRITAL;BASKETBALL;715-DINADAF-RND-2016;2/11/2016;;;;
20230731;70;LIGA DEPORTIVA DISTRITAL DE BASKET DE BARRANCA;DISTRITAL;BASKETBALL;724-DINADAF-RND-2016;8/11/2016;periodo de dos años, periodo que, conforme a su modificación de estatuto, ha sido ampliado de dos a cuatro años;;;
20230731;71;LIGA DEPORTIVA DISTRITAL MIXTA DE BASKETBALL DE ICA;DISTRITAL;BASKETBALL;875-DINADAF-RND-2016;15/12/2016;;;;
20230731;72;LIGA DEPORTIVA DISTRITAL MIXTA DE BASKETBALL DE TACNA;DISTRITAL;BASKETBALL;935-DINADAF-RND-2016;27/12/2016;;;;
20230731;73;LIGA DEPORTIVA MIXTA DE BASKETBALL DE LIMA;DISTRITAL;BASKETBALL;1025-DINADAF-RND-2017;25/08/2017;;;;
20230731;74;LIGA DEPORTIVA DISTRITAL MIXTA DE BASKETBALL DE CAJAMARCA;DISTRITAL;BASKETBALL;0488-DINADAF-RND-2018;20/03/2018;periodo de cuatro (04) años;;;
20230731;75;LIGA DEPORTIVA DISTRITAL DE BÉISBOL DEL CALLAO;DISTRITAL;BEISBOL;289-DNCTD-RND-2013;25/10/2013;;;;
20230731;76;LIGA DEPORTIVA DISTRITAL DE BÉISBOL DE SAN LUIS;DISTRITAL;BEISBOL;257-DINADAF-RND-2015;18/11/2015;;;;
20230731;77;LIGA DEPORTIVA DISTRITAL DE BÉISBOL DE TRUJILLO;DISTRITAL;BEISBOL;269-DINADAF-RND-2015;26/11/2015;;;;
20230731;78;LIGA DEPORTIVA DISTRITAL DE BÉISBOL DE PUEBLO LIBRE;DISTRITAL;BEISBOL;036-DINADAF-RND-2016;9/02/2016;;;;
20230731;79;LIGA DEPORTIVA DISTRITAL DE BÉISBOL DE BELLAVISTA;DISTRITAL;BEISBOL;458-DINADAF-RND-2016;26/08/2016;;;;
20230731;80;LIGA DEPORTIVA DISTRITAL DE BÉISBOL DE JESÚS MARÍA;DISTRITAL;BEISBOL;1015-DINADAF-RND-2018;19/06/2018;;;;
20230731;81;LIGA DEPORTIVA DISTRITAL DE BILLAR DE TRUJILLO;DISTRITAL;BILLAR;100-DNCTD-RND-2007;15/02/2007;;;;
20230731;82;LIGA DEPORTIVA DISTRITAL DE BOXEO DE ICA;DISTRITAL;BOXEO;063-DNCTD-RND-2009;9/02/2009;;;;
20230731;83;LIGA DEPORTIVA DISTRITAL DE CICLISMO DEL CUSCO;DISTRITAL;CICLISMO;028-DINADAF-RND-2014;5/02/2014;;;;
20230731;84;LIGA DEPORTIVA DISTRITAL DE CICLISMO DE LA VICTORIA;DISTRITAL;CICLISMO;286-DINADAF-RND-2014;12/11/2014;Resolución N°0301-DNCTD-RND-2019, periodo 07 de Octubre de 2018 al 06 de octubre de 2022;;;
20230731;85;LIGA DEPORTIVA DE CICLISMO DISTRITAL DE TRUJILLO-LA LIBERTAD;DISTRITAL;CICLISMO;298-DINADAF-RND-2014;13/11/2014;Resolución N°406-DNCTD-RND-2020, periodo 2018-2022;;;
20230731;86;ASOCIACIÓN LIGA DEPORTIVA DISTRITAL MIRAFLORINA DE CICLISMO;DISTRITAL;CICLISMO;006-DINADAF-RND-2015;14/01/2015;"Resolución N°0187-2023-IPD-DNCTD/SRND.
periodo del 15 de noviembre de 2022 al 14 de noviembre de 2026";;;
20230731;87;LIGA DEPORTIVA DISTRITAL DE CICLISMO DE SAN ISIDRO;DISTRITAL;CICLISMO;717-DINADAF-RND-2016;2/11/2016;"Resolución N°0709-2022-IPD-DNCTD/SRND.
periodo del 21 de diciembre de 2021 al 20 de diciembre de 2025.";;;
20230731;88;LIGA DEPORTIVA DISTRITAL DE CICLISMO DE ATE;DISTRITAL;CICLISMO;768-DINADAF-RND-2016;22/11/2016;;;;
20230731;89;LIGA DEPORTIVA DISTRITAL DE CICLISMO DE SAN MARTÍN DE PORRES;DISTRITAL;CICLISMO;787-DINADAF-RND-2016;24/11/2016;;;;
20230731;90;LIGA DEPORTIVA DISTRITAL DE CICLISMO DE PISCO;DISTRITAL;CICLISMO;815-DINADAF-RND-2016;2/12/2016;"Resolución N°0710-2022-IPD-DNCTD/SRND.
periodo comprendido del 02 de marzo de 2022 al 01 de marzo de 2026.";;;
20230731;91;LIGA DEPORTIVA DISTRITAL DE CICLISMO DE HUARAZ;DISTRITAL;CICLISMO;1098-DINADAF-RND-2018;9/07/2018;periodo de cuatro años (del 06 de diciembre de 2017 al 06 de diciembre de 2021);;;
20230731;92;LIGA DISTRITAL DE AMARILIS-HUANUCO;DISTRITAL;CICLISMO;1244-DINADAF-RND-2019;16/08/2018;periodo 24 de junio de 2018 al 24 de junio de 2022;;;
20230731;93;LIGA DISTRITAL DE CICLISMO DE AYACUCHO;DISTRITAL;CICLISMO;1530-DINADAF-RND-2018;5/11/2018;periodo de cuatro(04) años;;;
20230731;94;LIGA DEPORTIVA DISTRITAL DE CICLISMO WANKA-HUANCAYO;DISTRITAL;CICLISMO;0919-DNCTD-RND-2019;5/12/2019;periodo de 04 años;;;
20230731;95;LIGA DISTRITAL DE CICLISMO JACOBO HUNTER - AREQUIPA;DISTRITAL;CICLISMO;0350-DNCTD-RND-2021;2/06/2021;periodo de cuatro (04) años;;;
20230731;96;LIGA DISTRITAL DE KARATE DE SANTIAGO;DISTRITAL;KARATE;074-DNCTD-RND-2008;4/02/2008;;;;
20230731;97;LIGA DISTRITAL DE KARATE DE SAN SEBASTIÁN;DISTRITAL;KARATE;077-DNCTD-RND-2008;5/02/2008;;;;
20230731;98;LIGA DISTRITAL DE KARATE DE TRUJILLO;DISTRITAL;KARATE;343-DNCTD-RND-2009;1/09/2009;Resolución N°1202-DINADAF-RND-2018, periodo 2018-2022;;;
20230731;99;LIGA DEPORTIVA DISTRITAL DE KARATE DE LIMA AKD;DISTRITAL;KARATE;301-DNCTD-RND-2010;25/10/2010;"Resolución N°0585-2022-IPD-DNCTD/SRND.
periodo 13 de abril de 2022 al 31 de diciembre de 2024.";;;
20230731;100;LIGA DEPORTIVA DISTRITAL DE KARATE DE CHICLAYO;DISTRITAL;KARATE;259-DNCTD-RND-2011;21/11/2011;Resolución N°0386-DNCTD-RND-2021, período 2021-2024;;;
20230731;101;LIGA DEPORTIVA DISTRITAL DE KARATE DE TAMBOPATA;DISTRITAL;KARATE;060-DINADAF-RND-2013;19/02/2013;;;;
20230731;102;LIGA DEPORTIVA DISTRITAL DE KARATE DE CHUCUITO;DISTRITAL;KARATE;111-DINADAF-RND-2013;6/05/2013;;;;
20230731;103;LIGA DISTRITAL DE KARATE DE HUANCAYO;DISTRITAL;KARATE;117-DINADAF-RND-2013;14/05/2013;;;;
20230731;104;LIGA DEPORTIVA DE KARATE DEL DISTRITO DE JULIACA LDKDJ;DISTRITAL;KARATE;135-DINADAF-RND-2013;30/05/2013;"Resolución N°0644-2021-IPD-DNCTD/SRND.
periodo comprendido del 21 de abril del 2021 al 20 de abril del 2025";;;
20230731;105;LIGA DEPORTIVA DISTRITAL DE KARATE DE LA ESPERANZA;DISTRITAL;KARATE;241-DINADAF-RND-2013;17/09/2013;"Resolución N°057-DINADAF-RND-2018, periodo 2017-2020. 
Resolución N°0638-2021-IPD-DNCTD/SRND. período 2021-2025";;;
20230731;106;LIGA DISTRITAL DE KARATE DE EL TAMBO;DISTRITAL;KARATE;267-DINADAF-RND-2013;2/10/2013;;;;
20230731;107;LIGA DEPORTIVA DE KARATE DEL DISTRITO LA VICTORIA-CHICLAYO;DISTRITAL;KARATE;281-DINADAF-RND-2013;18/10/2013;Resolución N°1380-DINADAF-RND-2018, periodo 24 de julio de 2018 al 24 de julio de 2022;;;
20230731;108;LIGA DEPORTIVA DE KARATE DEL DISTRITO DE PUNO-LDKP;DISTRITAL;KARATE;020-DINADAF-RND-2014;22/01/2014;"Resolución N°0504-2022-IPD-DNCTD/SRND.
Periodo 21 de octubre de 2020 al 20 de octubre de 2024";;;
20230731;109;LIGA DEPORTIVA DISTRITAL DE KARATE DE PADRE ABAD-UCAYALI;DISTRITAL;KARATE;257-DINADAF-RND-2014;17/10/2014;"Resolución N°0470-2022-IPD-DNCTD/SRND.
periodo de cuatro años del 04 de noviembre de 2020 al 04 de noviembre de 2024";;;
20230731;110;LIGA DEPORTIVA DISTRITAL DE KARATE DE LAREDO;DISTRITAL;KARATE;030-DINADAF-RND-2015;18/02/2015;;;;
20230731;111;LIGA DEPORTIVA DISTRITAL DE KARATE DE HUANCHACO;DISTRITAL;KARATE;078-DINADAF-RND-2015;21/04/2015;"Resolución N°0634-2021-IPD-DNCTD/SRND. 
período 2020-2024";;;
20230731;112;LIGA DEPORTIVA DISTRITAL DE KARATE DE VILLA MARÍA DEL TRIUNFO;DISTRITAL;KARATE;091-DINADAF-RND-2015;14/05/2015;Resolución N°0735-DNCTD-RND-2019, periodo 24 de marzo de 2019 al 23 de marzo de 2023;;;
20230731;113;LIGA DEPORTIVA DISTRITAL DE KARATE DEL DISTRITO DE VICTOR LARCO HERRERA;DISTRITAL;KARATE;168-DINADAF-RND-2015;13/08/2015;;;;
20230731;114;LIGA DEPORTIVA DE KARATE DISTRITAL DE MOCHE;DISTRITAL;KARATE;196-DINADAF-RND-2015;21/09/2015;Resolución N°0913-DNCTD-RND-2019, periodo 2019-2023;;;
20230731;115;"ASOCIACIÓN ""LIGA DISTRITAL DE KARATE AYACUCHO""";DISTRITAL;KARATE;005-DINADAF-RND-2016;8/01/2016;"Resolución N°0177-2022-IPD-DNCTD/SRND. período 24 de noviembre de 2019 al 23 de noviembre de 2023
";;;
20230731;116;LIGA DISTRITAL DE KARATE WANCHAQ;DISTRITAL;KARATE;037-DINADAF-RND-2016;10/02/2016;;;;
20230731;117;LIGA DEPORTIVA DISTRITAL DE KARATE DE FLORENCIA DE MORA;DISTRITAL;KARATE;274-DINADAF-RND-2016;16/05/2016;Resolución N°1329-DINADAF-RND-2018, periodo 2017-2021;;;
20230731;118;LIGA DEPORTIVA DISTRITAL DE KARATE DE JESÚS MARÍA;DISTRITAL;KARATE;518-DINADAF-RND-2016;14/09/2016;Resolución N°0582-2021-IPD-DNCTD/SRND. período 30 de marzo de 2021 al 29 de marzo de 2025;;;
20230731;119;LIGA DEPORTIVA DISTRITAL DE KARATE DE SAN JUAN DE LURIGANCHO;DISTRITAL;KARATE;521-DINADAF-RND-2016;15/09/2016;Resolución N°0545-2021-IPD-DNCTD/SRND. período 01 de enero de 2021 al 31 de diciembre de 2024;;;
20230731;120;LIGA DEPORTIVA DE KARATE DISTRITAL DEL CALLAO;DISTRITAL;KARATE;0663-2021-IPD-DNCTD/SRND;13/12/2021;periodo del 01 de enero del 2021 al 31 de diciembre del 2024;;;
20230731;121;LIGA DEPORTIVA DE KARATE PROVINCIAL DE TRUJILLO-LA LIBERTAD;PROVINCIAL;KARATE;0045-DNCTD-RND-2021;19/01/2021;Periodo de cuatro (04) años;;;
20230731;122;LIGA DEPORTIVA DISTRITAL DE KARATE DE CUSCO;DISTRITAL;KARATE;668-DINADAF-RND-2016;18/10/2016;"Resolución N°0355-2023-IPD-DNCTD/SRND.
periodo 28 de noviembre de 2022 al 31 de diciembre de 2024";;;
20230731;123;LIGA DEPORTIVA DISTRITAL DE KARATE DE SANTIAGO DE SURCO;DISTRITAL;KARATE;740-DINADAF-RND-2016;11/11/2016;"Resolución N°0183-2022-IPD-DNCTD/SRND.periodo 01 de enero de 2021 al 31 de diciembre de 2024
";;;
20230731;124;LIGA DISTRITAL DE KARATE-CAJAMARCA;DISTRITAL;KARATE;837-DINADAF-RND-2016;7/12/2016;"Resolución N°0575-2022-IPD-DNCTD/SRND.
periodo 2022-2026 (Del 16 de mayo de 2022 hasta el 15 de mayo de 2026).";;;
20230731;125;LIGA DISTRITAL DE KARATE DE TACNA;DISTRITAL;KARATE;890-DINADAF-RND-2016;19/12/2016;Resolución N°0338-DNCTD-RND-2021, período del 01 de enero del 2021 al 31 de diciembre del 2024;;;
20230731;126;LIGA DISTRITAL DE KARATE DE SANTA ANA;DISTRITAL;KARATE;916-DINADAF-RND-2016;23/12/2016;;;;
20230731;127;LIGA DEPORTIVA DISTRITAL DE KARATE DE SAN SEBASTIAN;DISTRITAL;KARATE;917-DINADAF-RND-2016;23/12/2016;"Resolución N°0582-2022-IPD-DNCTD/SRND.
periodo de 04 años, en Asamblea General Extraordinaria de fecha 21 de noviembre de 2021.";;;
20230731;128;LIGA DISTRITAL DE KARATE DE TARAPOTO;DISTRITAL;KARATE;939-DINADAF-RND-2016;28/12/2016;Resolución N°295-DNCTD-RND-2020, periodo 07 de mayo de 2019 al 06 de mayo de 2023;;;
20230731;129;LIGA DISTRITAL DEPORTIVA CULTURAL DE KARATE-PIURA;DISTRITAL;KARATE;955-DINADAF-RND-2016;29/12/2016;;;;
20230731;130;LIGA DEPORTIVA DISTRITAL DE KARATE DE SANTIAGO;DISTRITAL;KARATE;959-DINADAF-RND-2016;30/12/2016;"Resolución N°0581-2022-IPD-DNCTD/SRND.
periodo 2021 al 2024.";;;
20230731;131;LIGA DEPORTIVA DE KARATE DISTRITAL DE VIRU;DISTRITAL;KARATE;029-DINADAF-RND-2017;24/01/2017;Resolución N°478-DNCTD-RND-2020, período 19 de noviembre de 2020 al 19 de noviembre de 2024;;;
20230731;132;LIGA DISTRITAL DE KARATE ALTO DE LA ALIANZA TACNA;DISTRITAL;KARATE;803-DINADAF-RND-2017;9/06/2017;"Resolución N°0540-2022-IPD-DNCTD/SRND.
período 19 de octubre de 2020 al 19 de octubre de 2024.";;;
20230731;133;LIGA DISTRITAL DE KARATE CORONEL GREGORIO ALBARRACÍN LANCHIPA;DISTRITAL;KARATE;0470-DINADAF-RND-2018;19/03/2018;;;;
20230731;134;LIGA DISTRITAL DE KARATE-DO DE PUNCHANA;DISTRITAL;KARATE;0493-DINADAF-RND-2018;21/03/2018;"Resolución N°0457-2022-IPD-DNCTD/SRND.
Periodo 19 de diciembre de 2021 al 18 de diciembre de 2025";;;
20230731;135;LIGA DISTRITAL DE KARATE DE MARIANO MELGAR-AREQUIPA;DISTRITAL;KARATE;1386-DINADAF-RND-2018;19/09/2018;"Resolución N°0562-2022-IPD-DNCTD/SRND.
periodo 29 de marzo de 2021 al 28 de marzo de 2025.";;;
20230731;136;LIGA DISTRITAL DE KARATE DE PISAC-CUSCO;DISTRITAL;KARATE;015-DNCTD-RND-2022;19/01/2022;periodo del 01 de enero del 2021 al 31 de diciembre del 2024.;;;
20230731;137;LIGA DEPORTIVA DISTRITAL DE KARATE DE EL AGUSTINO;DISTRITAL;KARATE;0232-DNCTD-RND-2020;13/03/2020;Resolución N°0625-2021-IPD-DNCTD/SRND. período del 01 de enero de 2021 al 31 de diciembre de 2024;;;
20230731;138;LIGA DISTRITAL DE KARATE DE EL PORVENIR;DISTRITAL;KARATE;276-DNCTD-RND-2020;22/09/2020;"Resolución N°0772-2022-IPD-DNCTD/SRND.
periodo del 2022 al 2026, conforme a la Asamblea General de Asociados de fecha 26 de agosto de 2022.";;;
20230731;139;LIGA DEPORTIVA DISTRITAL DE KARATE DE PIMENTEL;DISTRITAL;KARATE;287-DNCTD-RND-2020;2/10/2020;"Resolución N°0298-2022-IPD-DNCTD/SRND.
periodo 17 de enero de 2022 al 16 de enero de 2026";;;
20230731;140;LIGA DEPORTIVA DISTRITAL DE KARATE DE FERREÑAFE;DISTRITAL;KARATE;293-DNCTD-RND-2020;7/10/2020;"Resolución N°0296-2022-IPD-DNCTD/SRND.
periodo del 24 de febrero de 2022 al 23 de febrero de 2026";;;
20230731;141;LIGA DEPORTIVA DISTRITAL DE KARATE DE SAN BORJA;DISTRITAL;KARATE;294-DNCTD-RND-2020;7/10/2020;Resolución N°0479-2021-IPD-DNCTD/RND. período 01 de enero del 2021 al 31 de diciembre del 2024;;;
20230731;142;LIGA DEPORTIVA DE KARATE DISTRITAL DE POROTO;DISTRITAL;KARATE;490-DNCTD-RND-2020;7/12/2020;Periodo de cuatro (04) años;;;
20230731;143;LIGA DEPORTIVA DISTRITAL DE KARATE DE POMALCA;DISTRITAL;KARATE;0313-DNCTD-RND-2021;12/05/2021;"Resolución N°0297-2022-IPD-DNCTD/SRND.
periodo comprendido entre el 31 de enero de 2022 al 31 de enero de 2026.";;;
20230731;144;LIGA DEPORTIVA DISTRITAL DE KARATE-JAEN;DISTRITAL;KARATE;0649-DNCTD-RND-2021;3/12/2021;período de 04 años, comprendidos entre el 23 de agosto del 2019 al 22 de agosto del 2023;;;
20230731;145;LIGA DISTRITAL DE KARATE DE PISAC-CUSCO;DISTRITAL;KARATE;015-DNCTD-RND-2022;19/01/2022;periodo del 01 de enero del 2021 al 31 de diciembre del 2024.;;;
20230731;146;LIGA DEPORTIVA DE KARATE DE VILLA EL SALVADOR;DISTRITAL;KARATE;0285-2022-IPD-DNCTD/SRND;1/06/2022;periodo del 15 de octubre de 2021 al 14 de octubre de 2023;;;
20230731;147;LIGA DEPORTIVA DE KARATE DEL DISTRITO DE SAN MIGUEL;DISTRITAL;KARATE;0561-2022-IPD-DNCTD/SRND;16/09/2022;periodo de 04 años, del 28 de junio de 2021 al 27 de junio de 2025;;;
20230731;148;LIGA DISTRITAL DE KARATE DE SAN ISIDRO;DISTRITAL;KARATE;0574-2022-IPD-DNCTD/SRND;21/09/2022;periodo que inicia el 06 de enero de 2022 y culmina el 05 de enero de 2024;;;
20230731;149;LIGA DEPORTIVA DISTRITAL DE KUNG FU JOSÉ LUIS BUSTAMANTE Y RIVERO - AREQUIPA;DISTRITAL;KUNG FU;  387-DNCTD-RND-2007;25/05/2007;;;;
20230731;150;LIGA DEPORTIVA DISTRITAL DE KUNG FU WUSHU-TRUJILLO;DISTRITAL;KUNG FU;  434-DNCTD-RND-2007;14/06/2007;;;;
20230731;151;LIGA DEPORTIVA DISTRITAL DE KUNG FU SOCABAYA - AREQUIPA;DISTRITAL;KUNG FU;162-DNCTD-RND-2008;3/04/2008;;;;
20230731;152;LIGA DEPORTIVA DISTRITAL DE KUNG FU JACOBO HUNTER AREQUIPA;DISTRITAL;KUNG FU;163-DNCTD-RND-2008;3/04/2008;;;;
20230731;153;LIGA DEPORTIVA DISTRITAL DE KUNG FU WUSHU DE PUNO;DISTRITAL;KUNG FU;400-DNCTD-RND-2008;13/10/2008;;;;
20230731;154;LIGA DEPORTIVA PROVINCIAL DE KUNG FU DE AREQUIPA;PROVINCIAL;KUNG FU;241-DNCTD-RND-2008;13/06/2008;;;;
20230731;155;LIGA DEPORTIVA DISTRITAL DE LEVANTAMIENTO DE PESAS DE TUMBES;DISTRITAL;LEVANTAMIENTO DE PESAS;161-DNCTD-RND-2008;3/04/2008;;;;
20230731;156;LIGA DE LEVANTAMIENTO DE PESAS – AGUAYTIA – PADRE ABAD - UCAYALI;DISTRITAL;LEVANTAMIENTO DE PESAS;464-DNCTD-RND-2008;17/11/2008;Resolución Nº0131-DINADAF-RND-2019, periodo 04 años;;;
20230731;157;LIGA DISTRITAL DE LEVANTAMIENTO DE PESAS DE CALLERIA;DISTRITAL;LEVANTAMIENTO DE PESAS;484-DNCTD-RND-2008;27/11/2008;;;;
20230731;158;LIGA DISTRITAL DE LEVANTAMIENTO DE PESAS – IRAZOLA – SAN ALEJANDRO - UCAYALI;DISTRITAL;LEVANTAMIENTO DE PESAS;502-DNCTD-RND-2008;12/12/2008;;;;
20230731;159;LIGA DEPORTIVA DISTRITAL DE HALTEROFILIA CHACHAPOYAS;DISTRITAL;LEVANTAMIENTO DE PESAS;085-DNCTD-RND-2009;16/02/2009;;;;
20230731;160;LIGA DEPORTIVA DISTRITAL DE LEVANTAMIENTO DE PESAS DE TRUJILLO;DISTRITAL;LEVANTAMIENTO DE PESAS;004-DNCTD-RND-2012 ;10/01/2012;Resolución Nº0166-DINADAF-RND-2019. periodo 2018-2022;;;
20230731;161;LIGA DE LEVANTAMIENTO DE PESAS DE HUANCHACO;DISTRITAL;LEVANTAMIENTO DE PESAS;179-DNCTD-RND-2012;27/11/2012;;;;
20230731;162;LIGA DEPORTIVA DISTRITAL DE LEVANTAMIENTO DE PESAS DE ZORRITOS “SILVANA KATIUZCA SALDARRIAGA DIOSES”;DISTRITAL;LEVANTAMIENTO DE PESAS;258-DINADAF-RND-2013;24/09/2013;;;;
20230731;163;LIGA DEPORTIVA DISTRITAL DE LEVANTAMIENTO DE PESAS DE ZARUMILLA;DISTRITAL;LEVANTAMIENTO DE PESAS;797-DINADAF-RND-2016;28/11/2016;;;;
20230731;164;LIGA DEPORTIVA DISTRITAL DE LEVANTAMIENTO DE PESAS DE TARAPOTO;DISTRITAL;LEVANTAMIENTO DE PESAS;829-DINADAF-RND-2016;6/12/2016;periodo de cuatro (04) años ;;;
20230731;165;LIGA DEPORTIVA DISTRITAL DE LEVANTAMIENTO DE PESAS DE HUANCAS;DISTRITAL;LEVANTAMIENTO DE PESAS;943-DINADAF-RND-2016;28/12/2016;periodo de cuatro (04) años ;;;
20230731;166;LIGA DEPORTIVA DISTRITAL DE LEVANTAMIENTO DE PESAS DE CERRO COLORADO-AREQUIPA;DISTRITAL;LEVANTAMIENTO DE PESAS;1228-DINADAF-RND-2017;6/11/2017;periodo de cuatro (04) años ;;;
20230731;167;LIGA DEPORTIVA DISTRITAL DE LEVANTAMIENTO DE PESAS DE AREQUIPA;DISTRITAL;LEVANTAMIENTO DE PESAS;414-DNCTD-RND-2020;18/11/2020;periodo de cuatro (4) años;;;
20230731;168;LIGA DEPORTIVA DISTRITAL DE LEVANTAMIENTO DE PESAS DE SAPOSOA;DISTRITAL;LEVANTAMIENTO DE PESAS;0461-2021-IPD-DNCTD/RND;3/08/2021;período 2021 al 2025;;;
20230731;169;LIGA DISTRITAL DE LEVANTAMIENTO DE PESAS DE JOSE LUIS BUSTAMANTE Y RIVERO;DISTRITAL;LEVANTAMIENTO DE PESAS;0176-2023-IPD-DNCTD/SRND;13/04/2023;periodo de 04 años;;;
20230731;170;LIGA DEPORTIVA DISTRITAL DE TAEKWONDO DE TUMBES;DISTRITAL;TAE KWON DO;148-DNCTD-RND-2008;19/03/2008;;;;
20230731;171;LIGA DEPORTIVA DISTRITAL DE TAE KWON DO DE TRUJILLO;DISTRITAL;TAE KWON DO;154-DNCTD-RND-2008;26/03/2008;Resolución Nº0179-DNCTD-RND-2020. periodo 2019-2023;;;
20230731;172;LIGA DISTRITAL DE TAE KWON DO DE HUANCAYO;DISTRITAL;TAE KWON DO;236-DNCTD-RND-2011;25/10/2011;;;;
20230731;173;LIGA DEPORTIVA DISTRITAL DE TAE KWON DO DE CUSCO;DISTRITAL;TAE KWON DO;0748-2022-IPD-DNCTD/SRND;12/12/2022;periodo 30 de setiembre de 2021 al 29 de setiembre de 2025;;;
20230731;174;LIGA DEPORTIVA DISTRITAL DE TENIS DE MESA DE TRUJILLO;DISTRITAL;TENIS DE MESA;398-DNCTD-RND-2008;13/10/2008;;;;
20230731;175;LIGA DEPOTRIVA DISTRITAL DE TENIS DE MESA DE ICA;DISTRITAL;TENIS DE MESA;037-DNCTD-RND-2009;28/01/2009;;;;
20230731;176;LIGA DEPORTIVA DISTRITAL DE TENIS DE MESA DE CUSCO;DISTRITAL;TENIS DE MESA;232-DINADAF-RND-2015;23/10/2015;;;;
20230731;177;LIGA DISTRITAL DE TENIS DE MESA HUANCAYO;DISTRITAL;TENIS DE MESA;251-DINADAF-RND-2015;16/11/2015;;;;
20230731;178;LIGA DISTRITAL DE TENIS DE MESA DE EL TAMBO;DISTRITAL;TENIS DE MESA;015-DINADAF-RND-2017;11/01/2017;Periodo 04 cuatro años;;;
20230731;179;LIGA DISTRITAL DE VOLEIBOL DE CARAZ;DISTRITAL;VOLEIBOL;093-DNCTD-RND-2005;27/05/2005;;;;
20230731;180;LIGA DISTRITAL DE VOLEIBOL DE NUEVO CHIMBOTE;DISTRITAL;VOLEIBOL;0066-2022-IPD-DNCTD/SRND;28/02/2022;periodo del 27 de noviembre de 2021 al 26 de noviembre de 2025 (04 años);;;
20230731;181;LIGA DEPORTIVA DISTRITAL DE VOLEIBOL DE SAN JUAN DE LURIGANCHO;DISTRITAL;VOLEIBOL;029-DNCTD-RND-2006;19/01/2006;"Resolución Nº0213-2022-IPD-DNCTD/SRND. 10 de Mayo de 2022.
periodo del 10 de octubre de 2021 al 09 de octubre de 2023, periodo que fue ampliado dos (02) años a cuatro (04) años conforme a lo acordado en Asamblea General Extraordinaria de fecha 12 de febrero de 2022";;;
20230731;182;LIGA DEPORTIVA DISTRITAL DE VOLEIBOL DE SAN MARTÍN DE PORRES;DISTRITAL;VOLEIBOL;107-DNCTD-RND-2006;17/03/2006;"Resolución Nº0377-2022-IPD-DNCTD/SRND.
periodo 18 de noviembre de 2021 al 17 de noviembre de 2025.";;;
20230731;183;LIGA DEPORTIVA DISTRITAL DE VOLEY DE SAN LUIS;DISTRITAL;VOLEIBOL;371-DNCTD-RND-2006;16/08/2006;;;;
20230731;184;LIGA DEPORTIVA DISTRITAL DE VOLEIBOL DE LIMA;DISTRITAL;VOLEIBOL;499-DNCTD-RND-2006;3/11/2006;"Resolución Nº0625-2022-IPD-DNCTD/SRND.
periodo del 17 de marzo de 2022 al 16 de marzo de 2026.";;;
20230731;185;LIGA DISTRITAL DE VOLEIBOL DE HUÁNUCO;DISTRITAL;VOLEIBOL;528-DNCTD-RND-2007;7/08/2007;;;;
20230731;186;ASOCIACIÓN LIGA DISTRITAL DE VOLEIBOL DE PUNO;DISTRITAL;VOLEIBOL;763-DNCTD-RND-2007;21/11/2007;Resolución N°0249-DNCTD-RND-2021, Periodo del 30 de julio de 2020 al 29 de julio de 2024;;;
20230731;187;LIGA DISTRITAL DE VOLEIBOL DE EL TAMBO;DISTRITAL;VOLEIBOL;057-DNCTD-RND-2009;6/02/2009;"Resolución Nº0549-2022-IPD-DNCTD/SRND.
periodo de cuatro años, a partir del 15 de junio de 2022 hasta el 14 de junio de 2026";;;
20230731;188;LIGA DEPORTIVA DISTRITAL DE VOLEYBOL DE TUMBES;DISTRITAL;VOLEIBOL;264-DNCTD-RND-2009;18/06/2009;;;;
20230731;189;LIGA DEPORTIVA DISTRITAL DE VOLEIBOL DE TRUJILLO;DISTRITAL;VOLEIBOL;413-DNCTD-RND-2009;28/10/2009;"Resolución N°753-DINADAF-RND-2017, Periodo 2017-2021.
Resolución N°0475-2021-IPD-DNCTD/RND. período 2021-2025";;;
20230731;190;ASOCIACIÓN CIVIL LIGA DISTRITAL DEPORTIVA MIXTA DE VOLEIBOL DE AYACUCHO;DISTRITAL;VOLEIBOL;042-DNCTD-RND-2011;11/02/2011;;;;
20230731;191;LIGA DEPORTIVA DISTRITAL DE VOLEIBOL DE LA ESPERANZA;DISTRITAL;VOLEIBOL;0014-2022-IPD-DNCTD/SRND;19/01/2022;periodo del 18 de setiembre de 2021 al 18 de setiembre de 2025;;;
20230731;192;LIGA DISTRITAL DE VOLEY DE SAN BORJA;DISTRITAL;VOLEIBOL;101-DNCTD-RND-2011;13/05/2011;;;;
20230731;193;LIGA DEPORTIVA DISTRITAL DE VOLEIBOL DE CAJAMARCA;DISTRITAL;VOLEIBOL;212-DNCTD-RND-2011;5/10/2011;"Resolución Nº0534-2022-IPD-DNCTD/SRND.
periodo de 04 años (Del 07 de agosto de 2022 al 06 de agosto de 2026).";;;
20230731;194;EMBLEMÁTICA LIGA DISTRITAL DE VOLEIBOL HUANCAYO;DISTRITAL;VOLEIBOL;172-DINADAF-RND-2013;23/07/2013;Resolución N°301-DNCTD-RND-2020, Periodo 21 de agosto de 2020 al 20 de agosto de 2024 ;;;
20230731;195;LIGA DISTRITAL DE VOLEIBOL DE MOTUPE;DISTRITAL;VOLEIBOL;174-DINADAF-RND-2013;25/07/2013;;;;
20230731;196;LIGA DISTRITAL DE VOLEIBOL DE GREGORIO ALBARRACÍN LANCHIPA;DISTRITAL;VOLEIBOL;261-DINADAF-RND-2013;27-Set-13;"Resolución Nº0224-2023-IPD-DNCTD/SRND.
periodo 14 de marzo de 2021 al 31 de marzo de 2024";;;
20230731;197;LIGA DEPORTIVA DISTRITAL DE VOLEYBOL DE FLORENCIA DE MORA;DISTRITAL;VOLEIBOL;092-DINADAF-RND-2015;14/05/2015;Resolución N°363-DNCTD-RND-2020, Periodo 07 de abril de 2020 al 07 de abril de 2023;;;
20230731;198;LIGA DISTRITAL DE VOLEIBOL DE WANCHAQ;DISTRITAL;VOLEIBOL;186-DINADAF-RND-2015;10/09/2015;;;;
20230731;199;LIGA DEPORTIVA DISTRITAL DE VOLEIBOL DE SAN JUAN DE MIRAFLORES;DISTRITAL;VOLEIBOL;188-DINADAF-RND-2015;11/09/2015;Resolución N°0331-DNCTD-RND-2021, Periodo del 2020-2024;;;
20230731;200;LIGA DEPORTIVA DISTRITAL DE VOLEIBOL DEL CUSCO;DISTRITAL;VOLEIBOL;027-DINADAF-RND-2016;29/01/2016;Resolución N°0274-DNCTD-RND-2021, Periodo 2020-2024;;;
20230731;201;LIGA DISTRITAL DE VOLEIBOL DEL CALLAO;DISTRITAL;VOLEIBOL;437-DINADAF-RND-2016;16/08/2016;;;;
20230731;202;LIGA DEPORTIVA DISTRITAL DE VOLEIBOL DE PUEBLO LIBRE;DISTRITAL;VOLEIBOL;449-DINADAF-RND-2016;19/08/2016;Resolución N°1612-DINADAF-RND-2018, Periodo 27 de Noviembre de 2018 al 26 de noviembre de 2022;;;
20230731;203;LIGA DISTRITAL DE VOLEIBOL DE PICHANAKI;DISTRITAL;VOLEIBOL;519-DINADAF-RND-2016;14/09/2016;Resolución N°0734-DNCTD-RND-2019, Periodo 19 de julio de 2019 al 18 de julio de 2023;;;
20230731;204;LIGA DISTRITAL DE VOLEIBOL DE MARIANO MELGAR;DISTRITAL;VOLEIBOL;530-DINADAF-RND-2016;19/09/2016;Resolución N°1216-DINADAF-RND-2017, Periodo 2017-2021;;;
20230731;205;LIGA DISTRITAL DE VOLEIBOL DE CERRO COLORADO;DISTRITAL;VOLEIBOL;539-DINADAF-RND-2016;21/09/2016;Resolución N°0894-DNCTD-RND-2019, Periodo 26 de enero de 2019 al 25 de enero de 2023;;;
20230731;206;LIGA DISTRITAL DE VOLEIBOL DE MIRAFLORES;DISTRITAL;VOLEIBOL;578-DINADAF-RND-2016;28/09/2016;Resolución N°0949-DNCTD-RND-2019, Periodo 14 de agosto de 2019 al 14 de agosto de 2023;;;
20230731;207;LIGA DISTRITAL DE VOLEIBOL DE CAYMA;DISTRITAL;VOLEIBOL;579-DINADAF-RND-2016;28/09/2016;Resolución N°0525-2021-IPD-DNCTD/RND. período 2020-2024. ;;;
20230731;208;LIGA DEPORTIVA DISTRITAL MIXTA DE VOLEIBOL DE HUACHO;DISTRITAL;VOLEIBOL;582-DINADAF-RND-2016;29/09/2016;"Resolución Nº0433-2022-IPD-DNCTD/SRND.
periodo 18 de mayo de 2022 al 17 de mayo de 2026";;;
20230731;209;LIGA DISTRITAL VOLEIBOL DE YURIMAGUAS;DISTRITAL;VOLEIBOL;583-DINADAF-RND-2016;29/09/2016;;;;
20230731;210;LIGA DISTRITAL DE VOLEIBOL DE TARAPOTO;DISTRITAL;VOLEIBOL;584-DINADAF-RND-2016;29/09/2016;Resolución N°0030-DNCTD-RND-2021, Periodo 23 de octubre de 2019 al 22 de octubre de 2023;;;
20230731;211;LIGA DISTRITAL DE VOLEIBOL DE HUARAZ;DISTRITAL;VOLEIBOL;585-DINADAF-RND-2016;29/09/2016;Resolución N°0283-DINADAF-RND-2019, Periodo 01 de enero de 2019 al 31 de diciembre de 2022;;;
20230731;212;LIGA DEPORTIVA DISTRITAL DE VOLEIBOL DE CARABAYLLO;DISTRITAL;VOLEIBOL;586-DINADAF-RND-2016;29/09/2016;Resolución N°0306-DNCTD-RND-2019, Periodo 17 de marzo de 2019 al 16 de marzo de 2023;;;
20230731;213;LIGA DISTRITAL DE VOLEIBOL DE CHIMBOTE L.D.V.CH.;DISTRITAL;VOLEIBOL;587-DINADAF-RND-2016;29/09/2016;Resolución N°021-DNCTD-RND-2021, Periodo 01 de octubre de 2020 al 30 de setiembre de 2024;;;
20230731;214;LIGA DEPORTIVA DISTRITAL DE VOLEIBOL DE SANTIAGO DE SURCO;DISTRITAL;VOLEIBOL;588-DINADAF-RND-2016;29/09/2016;"Resolución Nº0636-2022-IPD-DNCTD/SRND.
periodo 30 de abril de 2021 al 29 de abril de 2025.";;;
20230731;215;LIGA DEPORTIVA DE VOLEIBOL MIXTO DEL DISTRITO DEL RIMAC;DISTRITAL;VOLEIBOL;589-DINADAF-RND-2016;29/09/2016;"Resolución Nº0283-2022-IPD-DNCTD/SRND.
periodo del 09 de abril de 2022 al 31 de diciembre de 2024";;;
20230731;216;ASOCIACIÓN CIVIL LIGA DISTRITAL DE VOLEIBOL DE QUERECOTILLO;DISTRITAL;VOLEIBOL;590-DINADAF-RND-2016;29/09/2016;Resolución N°0116-DNCTD-RND-2021, Periodo 20 de octubre de 2020 al 20 de octubre de 2024;;;
20230731;217;LIGA DISTRITAL DE VOLEIBOL DE PAUCARPATA;DISTRITAL;VOLEIBOL;591-DINADAF-RND-2016;29/09/2016;"Resolución Nº0499-2022-IPD-DNCTD/SRND.
periodo de 04 años, desde el 02 de junio de 2022 hasta el 01 de junio de 2026.";;;
20230731;218;ASOCIACIÓN CIVIL DEPORTIVA LIGA DISTRITAL DE VOLEIBOL DE PIURA;DISTRITAL;VOLEIBOL;592-DINADAF-RND-2016;29/09/2016;"Resolución Nº0196-2023-IPD-DNCTD/SRND.
periodo del 10 de enero de 2023 al el 09 de enero de 2027";;;
20230731;219;LIGA DISTRITAL DE VOLEIBOL DE MOYOBAMBA;DISTRITAL;VOLEIBOL;593-DINADAF-RND-2016;29/09/2016;;;;
20230731;220;LIGA DISTRITAL DE VOLEIBOL DE VILLA EL SALVADOR;DISTRITAL;VOLEIBOL;594-DINADAF-RND-2016;29/09/2016;;;;
20230731;221;LIGA DEPORTIVA DISTRITAL DE VOLEIBOL DE CALCA;DISTRITAL;VOLEIBOL;595-DINADAF-RND-2016;29/09/2016;"Resolución Nº0195-2022-IPD-DNCTD/SRND. 04 de mayo de 2022.
periodo 2021-2025 (del 21 de octubre de 2021 al 20 de octubre de 2025)";;;
20230731;222;LIGA DISTRITAL MIXTA DE VOLEIBOL DE CORRALES-TUMBES;DISTRITAL;VOLEIBOL;596-DINADAF-RND-2016;29/09/2016;"Resolución Nº0604-2022-IPD-DNCTD/SRND.
periodo 21 de enero de 2022 al 20 de enero de 2026.";;;
20230731;223;LIGA DISTRITAL DE VOLEIBOL DE CHICLAYO;DISTRITAL;VOLEIBOL;597-DINADAF-RND-2016;29/09/2016;"Resolución Nº0646-2022-IPD-DNCTD/SRND.
periodo del 2022 - 2026.";;;
20230731;224;LIGA DISTRITAL DE VOLEIBOL JULIACA;DISTRITAL;VOLEIBOL;598-DINADAF-RND-2016;29/09/2016;"Resolución Nº0327-2022-IPD-DNCTD/SRND.
periodo comprendido del 04 de enero de 2022 al 03 de enero de 2026.";;;
20230731;225;LIGA DISTRITAL DE VOLEIBOL DE LOS BAÑOS DEL INCA;DISTRITAL;VOLEIBOL;627-DINADAF-RND-2016;7/10/2016;"Resolución Nº0270-2022-IPD-DNCTD/SRND. 30 de mayo de 2022.
periodo comprendido entre el 01 de febrero de 2022 al 31 de enero de 2026";;;
20230731;226;LIGA DISTRITAL DE VOLEIBOL DE CIUDAD NUEVA;DISTRITAL;VOLEIBOL;628-DINADAF-RND-2016;7/10/2016;;;;
20230731;227;LIGA DEPORTIVA DISTRITAL DE VOLEIBOL DE MAGDALENA;DISTRITAL;VOLEIBOL;629-DINADAF-RND-2016;7/10/2016;;;;
20230731;228;LIGA DEPORTIVA DISTRITAL DE VOLEIBOL DE PILLCO MARCA;DISTRITAL;VOLEIBOL;630-DINADAF-RND-2016;7/10/2016;Resolución N°1355-DINADAF-RND-2017, Periodo 16 de noviembre de 2017 al 15 de noviembre de 2021.;;;
20230731;229;ASOCIACIÓN CIVIL DEPORTIVA LIGA DE VOLEIBOL DEL DISTRITO DE SAN JUAN LURIGANCHO;DISTRITAL;VOLEIBOL;631-DINADAF-RND-2016;7/10/2016;;;;
20230731;230;LIGA DISTRITAL DE VOLEIBOL-CHUPACA;DISTRITAL;VOLEIBOL;774-DINADAF-RND-2016;22/11/2016;;;;
20230731;231;LIGA DISTRITAL DE VOLEIBOL MIXTA DE CASTILLA;DISTRITAL;VOLEIBOL;775-DINADAF-RND-2016;22/11/2016;Resolución Nº0443-2022-IPD-DNCTD/SRND. periodo 10 de setiembre de 2021 al 09 de setiembre de 2025;;;
20230731;232;LIGA DISTRITAL DE VOLEIBOL DE BARRANCA;DISTRITAL;VOLEIBOL;776-DINADAF-RND-2016;22/11/2016;"Resolución Nº0472-2022-IPD-DNCTD/SRND.
periodo del 30 de abril del 2022 al 29 de abril del 2026.";;;
20230731;233;LIGA DISTRITAL DE VOLEIBOL DE SANTO TOMAS;DISTRITAL;VOLEIBOL;777-DINADAF-RND-2016;22/11/2016;;;;
20230731;234;LIGA DISTRITAL DE VOLEIBOL DE PUNCHANA;DISTRITAL;VOLEIBOL;778-DINADAF-RND-2016;22/11/2016;Resolución Nº0456-2021-IPD-DNCTD/RND, Periodo de cuatro (04) años, comprendido desde el 18 de diciembre de 2020 al 17 de diciembre de 2024;;;
20230731;235;ASOCIACIÓN LIGA DISTRITAL DE VOLEIBOL DE IQUITOS;DISTRITAL;VOLEIBOL;779-DINADAF-RND-2016;22/11/2016;Resolución N°0895-DNCTD-RND-2019, Periodo de cuatro años (Reconformación de junta directiva);;;
20230731;236;LIGA DISTRITAL DE VOLEIBOL DE PAUCARTAMBO;DISTRITAL;VOLEIBOL;790-DINADAF-RND-2016;24/11/2016;;;;
20230731;237;LIGA DISTRITAL DE VOLEYBOL DE CASMA;DISTRITAL;VOLEIBOL;805-DINADAF-RND-2016;30/11/2016;;;;
20230731;238;LIGA DISTRITAL DE VOLEYBOL DE ABANCAY;DISTRITAL;VOLEIBOL;806-DINADAF-RND-2016;30/11/2016;"Resolución Nº0510-2022-IPD-DNCTD/SRND.
periodo 24 de noviembre de 2021 al 23 de noviembre de 2025.";;;
20230731;239;LIGA DISTRITAL DE VOLEIBOL DE ALTO SELVA ALEGRE;DISTRITAL;VOLEIBOL;827-DINADAF-RND-2016;6/12/2016;Resolución N°0533-DNCTD-RND-2019, Periodo 2020-2023;;;
20230731;240;LIGA DISTRITAL DE VOLEIBOL DE CAMANA;DISTRITAL;VOLEIBOL;850-DINADAF-RND-2016;9/12/2016;;;;
20230731;241;LIGA DDEPORTIVA DISTRITAL DE VOLEIBOL DE TACNA;DISTRITAL;VOLEIBOL;027-DINADAF-RND-2017;24/01/2017;Resolución N°0469-2021-IPD-DNCTD/RND, Periodo del 01 de enero del 2021 al 31 de diciembre del 2024;;;
20230731;242;LIGA DISTRITAL MIXTA DE VOLEIBOL DE CALLERIA-PUCALLPA;DISTRITAL;VOLEIBOL;030-DINADAF-RND-2017;24/01/2017;"Resolución N°0220-DNCTD-RND-2021, Periodo de cuatro años.
Resolución Nº0181-2023-IPD-DNCTD/SRND. reconformación de los integrantes del consejo directivo, elegidos por el período de cuatro años, en Asamblea General Extraordinaria de fecha 10 de diciembre de 2020.";;;
20230731;243;LIGA DISTRITAL DE VOLEIBOL DE MORALES;DISTRITAL;VOLEIBOL;0058-2022-IPD-DNCTD/SRND;25/02/2022;período del 16 de octubre de 2021 al 15 de octubre de 2025;;;
20230731;244;LIGA DISTRITAL DE VOLEIBOL DE RUPA RUPA;DISTRITAL;VOLEIBOL;556-DINADAF-RND-2017;18/04/2017;"Resolución Nº0444-2022-IPD-DNCTD/SRND. 
periodo 03 de octubre de 2021 al 02 de octubre de 2025";;;
20230731;245;LIGA DISTRITAL DE VOLEIBOL DE BARRANCO;DISTRITAL;VOLEIBOL;764-DINADAF-RND-2017;25/05/2017;Resolución N°428-DNCTD-RND-2020, Periodo 23 de agosto de 2020 al 22 de agosto de 2024;;;
20230731;246;LIGA DISTRITAL MIXTA DE VOLEIBOL DE COMAS;DISTRITAL;VOLEIBOL;785-DINADAF-RND-2017;1/06/2017;Resolución N°419-DNCTD-RND-2020, Periodo 10 de diciembre de 2019 al 09 de diciembre de 2023;;;
20230731;247;LIGA DEPORTIVA DISTRITAL DE VOLEIBOL DE SAN MARTÍN DE PORRES;DISTRITAL;VOLEIBOL;812-DINADAF-RND-2017;13/06/2017;;;;
20230731;248;LIGA DISTRITAL DEPORTIVA DE VOLEIBOL DE SAYLLA;DISTRITAL;VOLEIBOL;890-DINADAF-RND-2017;10/07/2017;;;;
20230731;249;LIGA DEPOTRIVA DISTRITAL MIXTA DE VOLEIBOL DE HUAYLLAY;DISTRITAL;VOLEIBOL;998-DINADAF-RND-2017;18/08/2017;"Resolución Nº0675-2022-IPD-DNCTD/SRND.
periodo comprendido del 01 de enero del 2020 al 31 de enero del 2023.";;;
20230731;250;LIGA DISTRITAL DE VOLEIBOL DE AREQUIPA;DISTRITAL;VOLEIBOL;1013-DINADAF-RND-2017;23/08/2017;Resolución N°0633-2021-IPD-DNCTD/SRND. periodo del 27 de setiembre del 2021 al 26 de setiembre del 2025;;;
20230731;251;ASOCIACIÓN DEPORTIVA LIGA DISTRITAL DE VOLEY DE PISCO;DISTRITAL;VOLEIBOL;1040-DINADAF-RND-2017;1/09/2017;;;;
20230731;252;LIGA DEPORTIVA DISTRITAL MIXTA DE VOLEIBOL CHAUPIMARCA-PASCO;DISTRITAL;VOLEIBOL;1304-DINADAF-RND-2017;30/11/2017;;;;
20230731;253;LIGA DISTRITAL DE VOLEIBOL DE CHILCA;DISTRITAL;VOLEIBOL;1400-DINADAF-RND-2017;29/12/2017;;;;
20230731;254;LIGA DISTRITAL DE VOLEIBOL DE PERENÉ;DISTRITAL;VOLEIBOL;0056-DINADAF-RND-2018;19/01/2018;"Resolución N° 248-2023-IPD-DNCTD/SRND.
Periodo del 06 de enero de 2023 al 05 de enero de 2027";;;
20230731;255;LIGA DEPORTIVA DISTRITAL DE VOLEIBOL DE SAN SEBASTIÁN;DISTRITAL;VOLEIBOL;0077-DINADAF-RND-2018;29/01/2018;"Resolución Nº0212-2022-IPD-DNCTD/SRND. 10 de mayo de 2022.
periodo del 01 de setiembre de 2020 al 31 de agosto de 2024";;;
20230731;256;LIGA DEPORTIVA DISTRITAL DE VOLEIBOL DE SANTA ANA;DISTRITAL;VOLEIBOL;0582-DINADAF-RND-2018;5/04/2018;"Resolución Nº0140-2022-IPD-DNCTD/SRND
periodo de cuatro (04) años, en Asamblea de fecha 10 de diciembre de 2021";;;
20230731;257;LIGA DISTRITAL DE VOLEIBOL DE MOLLENDO;DISTRITAL;VOLEIBOL;1032-DINADAF-RND-2018;21/06/2018;;;;
20230731;258;LIGA DEPORTIVA DISTRITAL DE VOLEIBOL DE CHANCAY;DISTRITAL;VOLEIBOL;1189-DINADAF-RND-2018;1/08/2018;Periodo de cuatro (04) años;;;
20230731;259;LIGA DEPORTIVA DISTRITAL DE VOLEIBOL DE POCOLLAY;DISTRITAL;VOLEIBOL;1197-DINADAF-RND-2018;3/08/2018;"Resolución Nº0102-2023-IPD-DNCTD/SRND.
periodo del 09 de agosto de 2022 al 31 de diciembre de 2024";;;
20230731;260;LIGA DISTRITAL DE VOLEIBOL DE YANACANCHA;DISTRITAL;VOLEIBOL;1610-DINADAF-RND-2018;23/11/2018;Periodo 21 de agosto de 2018 al 20 de agosto de 2022;;;
20230731;261;LIGA DISTRITAL DE VOLEIBOL DE INDEPENDENCIA;DISTRITAL;VOLEIBOL;0277-DNCTD-RND-2019;5/04/2019;"Resolución Nº0007-2023-IPD-DNCTD/SRND.
periodo del 15 de diciembre de 2022 al 14 de diciembre de 2026";;;
20230731;262;LIGA DISTRITAL DE VOLEY-CHOTA;DISTRITAL;VOLEIBOL;0770-DNCTD-RND-2019;18/10/2019;Periodo 30 de abril de 2019 al 29 de abril de 2022;;;
20230731;263;LIGA DISTRITAL DE VOLEY DE CHANCHAMAYO;DISTRITAL;VOLEIBOL;0233-DNCTD-RND-2020;13/03/2020;Periodo 15 de enero de 2019 al 14 de enero de 2022;;;
20230731;264;LIGA DISTRITAL VOLEIBOL DE MAJES;DISTRITAL;VOLEIBOL;0101-DNCTD-RND-2021;8/02/2021;Periodo 01 de noviembre de 2017 al 01 de noviembre de 2021;;;
20230731;265;LIGA PROVINCIAL DE VOLEIBOL DE AREQUIPA;PROVINCIAL;VOLEIBOL;0781-DINADAF-RND-2016;22/11/2016;Resolución N°0784-DNCTD-RND-2019, periodo 15 de junio de 2019 al 15 de junio de 2023;;;
20230731;266;LIGA PROVINCIAL DE VOLEIBOL DEL SANTA;PROVINCIAL;VOLEIBOL;033-DINADAF-RND-2017;24/01/2017;;;;
20230731;267;ASOCIACION LIGA DISTRITAL DE VOLEY DE SAN ISIDRO;DISTRITAL;VOLEIBOL;0023-2022-IPD-DNCTD/SRND;1/02/2022;período de 21 de diciembre de 2020 al 20 de diciembre de 2024;;;
20230731;268;LIGA DISTRITAL MIXTA DE VOLEIBOL DE LOS OLIVOS;DISTRITAL;VOLEIBOL;0645-2021-IPD-DNCTD/SRND;30/11/2021;periodo del 22 de diciembre del 2020 al 21 de diciembre del 2024;;;
20230731;269;LIGA DISTRITAL DE VOLEIBOL DE SANTIAGO;DISTRITAL;VOLEIBOL;0473-2022-IPD-DNCTD/SRND;4/08/2022;período de cuatro (04) años, del 18 de julio de 2021 al 31 de diciembre de 2024;;;
20230731;270;LIGA DEPORTIVA DISTRITAL DE VOLEIBOL DE EL PORVENIR;DISTRITAL;VOLEIBOL;0512-2022-IPD-DNCTD/SRND;16/08/2022;período de cuatro años (Del 02 de junio de 2022 al 02 de junio de 2026);;;
20230731;271;LIGA DEPORTIVA DISTRITAL DE ATLETISMO DE CORRALES;DISTRITAL;VOLEIBOL;0669-2022-IPD-DNCTD/SRND;3/11/2022;periodo 20 de agosto de 2022 hasta el 31 de diciembre de 2024;;;
20230731;272;LIGA DE VOLEY MIXTO DEL DISTRITO DE JOSE LUIS BUSTAMANTE Y RIVERO;DISTRITAL;VOLEIBOL;0678-2022-IPD-DNCTD/SRND;4/11/2022;período de 4 años;;;
20230731;273;LIGA DISTRITAL DE VOLEIBOL MIXTA PAUCARCOLLA;DISTRITAL;VOLEIBOL;065-2023-IPD-DNCTD/SRND;7/02/2023; Período 25 de julio de 2022 al 31 de diciembre de 2024.;;;
20230731;274;LIGA DE VOLEY DEL DISTRITO DE SATIPO;DISTRITAL;VOLEIBOL;0110-2023-IPD-DNCTD/SRND;9/03/2023;periodo comprendido del 13 de agosto de 2022 al 31 de diciembre de 2024;;;
20230731;275;LIGA DEPORTIVA DISTRITAL DE VOLEIBOL DE ATE;DISTRITAL;VOLEIBOL;0125-2023-IPD-DNCTD/SRND;16/03/2023;periodo del 10 de enero de 2023 al 31 de diciembre de 2024;;;
20230731;276;LIGA DISTRITAL DE VOLEIBOL AYAVIRI;DISTRITAL;VOLEIBOL;0183-2023-IPD-DNCTD/SRND;18/04/2023;periodo comprendido desde el 18 de octubre de 2019 al 17 de octubre de 2023;;;
20230731;277;LIGA DEPORTIVA DISTRITAL DE VOLEIBOL DE JESUS;DISTRITAL;VOLEIBOL;0209-2023-IPD-DNCTD/SRND;8/05/2023;período de cuatro años hasta el 2024;;;
20230731;278;LIGA DEPORTIVA DISTRITAL DE VOLEIBOL DE COISHCO;DISTRITAL;VOLEIBOL;0267 2023-IPD-DNCTD/SRND;7/06/2023;periodo del 20 de julio de 2022 al 19 de julio de 2026 (4 años);;;
20230731;279;LIGA DEPORTIVA DISTRITAL VOLEIBOLISTICA ASWANQHARI - AZANGARO;DISTRITAL;VOLEIBOL;0311-2023-IPD-DNCTD/SRND;6/07/2023;periodo del 04 de octubre del 2022 al 31 de diciembre del 2024;;;
20230731;280;LIGA DISTRITAL DE VOLEIBOL DE CHARACATO;DISTRITAL;VOLEIBOL; 329-2023-IPD-DNCTD/SRND;14/07/2023;periodo de cuatro (4) años;;;
20230731;281;LIGA DISTRITAL DE VOLEIBOL DE POROY - CUSCO;DISTRITAL;VOLEIBOL;0354-2023-IPD-DNCTD/SRND;21/07/2023;periodo cuatro años;;;
